[{"D:\\\u8bfe\u9898\\16-\u672a\u6765\u5e72\u795e\u9a6c\\\u6211\u81ea\u5df1\u778e\u60f3.txt": "GB2312"}, {"D:\\\u624b\u7a3f\\\u840c\u72f8\u4e3b\u9875\\\u679c\u58f3\u672a\u6765\u7a3f\\\u7b54\u771f\u7a7a\u8349\u7a3f.txt": "GB2312"}, {"D:\\\u624b\u7a3f\\\u5206\u7c7b\u7a3f\u6599\\\u751f\u6d3b\u90e8\\\u751f\u6d3b\u90e8\u6cd5 - \u65e7.txt": "GBK"}, {"C:\\Program Files\\Rainmeter\\Skins\\LePtC\\Start\\Program.inc": "GB2312"}, {"D:\\\u624b\u7a3f\\\u5206\u7c7b\u7a3f\u6599\\\u60c5\u62a5\u90e8\\\u6700\u9ad8\u7cfb\u7edf\\\u6700\u9ad8\u7cfb\u7edf.txt": "GB2312"}, {"E:\\\u97f3\u4e50\\\u5f85\u6311\\Crysis 2 Original Soundtrack [FLAC]\\\u4e13\u8f91\u66f2\u76ee.txt": "GB2312"}, {"D:\\\u7b14\u8bb0\\\u7269\u7406\\\u9ad8\u80fd\\book\\0001.txt": "GB2312"}, {"D:\\\u624b\u7a3f\\\u840c\u72f8\u7ed8\u5236\\\u840c\u72f8\u7ed8\u5236\u6307\u5bfc\u601d\u60f3.txt": "GB2312"}, {"D:\\\u624b\u7a3f\\\u840c\u72f8\u7ed8\u5236\\\u840c\u72f8\u7cfb\u5217\u8bbe\u5b9a\u96c6.txt": "GB2312"}, {"D:\\\u624b\u7a3f\\\u840c\u72f8\u7ed8\u5236\\LePtC \u7ed8\u672c\u8ba1\u5212\\\u540d\u8a00\\LePtC\u7684\u540d\u8a00.txt": "GB18030"}, {"C:\\Program Files\\Rainmeter\\Skins\\LePtC\\Start\\Desk.inc": "GB2312"}, {"D:\\\u624b\u7a3f\\\u8bfb\u6545\u4e8b\u79d1\u5e7b\\\u5218\u6148\u6b23\\\u4e09\u4f53\\\u4e09\u4f53II\u9ed1\u6697\u68ee\u6797(\u7cbe\u6821\u7248).txt": "GB2312"}, {"D:\\\u7b14\u8bb0\\\u4eba\u6587\\\u601d\u653f\\\u9a6c\u514b\u601d\u4e3b\u4e49.txt": "GB2312"}, {"D:\\\u7b14\u8bb0\\\u4eba\u6587\\\u6cd5\u5b66\\\u6458\u6284.txt": "GB2312"}, {"D:\\\u624b\u7a3f\\\u8bfb\u6545\u4e8b\u79d1\u5e7b\\\u6211\u6700\u559c\u7231\u7684\u4f5c\u5bb6.txt": "GB2312"}, {"D:\\\u624b\u7a3f\\\u5206\u7c7b\u7a3f\u6599\\\u5206\u4e0d\u4e86\u7c7b\u7684\u8f6c\u8f7d\\\u77e5\u4e4e\u6458\u6284.txt": "GB2312"}, {"D:\\\u624b\u7a3f\\\u6545\u4e8b\u7075\u611f\\\u6211\u4e5f\u5199\u7bc7\u6700\u540e\u95ee\u9898.txt": "GB2312"}, {"D:\\LePtC.github.io\\wiki\\moele\\\u840c\u72f8.txt": "GB2312"}, {"D:\\\u7cfb\u7edf\\\u5b89\u5353\\Android System.txt": "GB2312"}, {"D:\\\u624b\u7a3f\\\u5206\u7c7b\u7a3f\u6599\\\u77e5\u4e4e\u6458\u6284.txt": "GB2312"}, {"D:\\\u7cfb\u7edf\\\u6e38\u620f\\minecraft\\games_com.mojang\\mods\\\u57fa\u672c\u547d\u4ee4.txt": "GB2312"}, {"D:\\\u7cfb\u7edf\\\u6e38\u620f\\minecraft\\games_com.mojang\\mods\\\u8d85\u80fd\u529bJS.txt": "GB2312"}, {"E:\\\u4e34\u65f6\\\u7b80\u4ecb.txt": "GBK"}, {"D:\\\u7b14\u8bb0\\\u8bed\u8a00\\\u65e5\u4e8c\\\u300a\u5927\u5bb6\u7684\u65e5\u672c\u8bed\u300b1-2\u518c\\\u7b80\u4ecb.txt": "GBK"}, {"D:\\\u7b14\u8bb0\\\u4eba\u6587\\\u6cd5\u5b66\\\u7f57\u5c14\u65af.txt": "GB2312"}, {"D:\\\u7b14\u8bb0\\\u4eba\u6587\\\u97f3\u4e50.txt": "GB2312"}, {"D:\\\u624b\u7a3f\\\u5206\u7c7b\u7a3f\u6599\\\u6700\u9ad8\u7cfb\u7edf\\\u65e5\u7a0b\u7cfb\u7edf.txt": "GB2312"}, {"D:\\\u624b\u7a3f\\\u5206\u7c7b\u7a3f\u6599\\\u6700\u9ad8\u7cfb\u7edf\\\u77e5\u4e4e\u6458\u6284.txt": "GB2312"}, {"D:\\\u624b\u7a3f\\\u5206\u7c7b\u7a3f\u6599\\\u6211\u7684\u7269\u7406\u4e66\u5355-\u5f53\u524d.txt": "GBK"}, {"D:\\\u624b\u7a3f\\\u5206\u7c7b\u7a3f\u6599\\\u6700\u9ad8\u7cfb\u7edf\\\u751f\u6d3b\u90e8\u6cd5.txt": "GBK"}, {"D:\\\u624b\u7a3f\\\u5206\u7c7b\u7a3f\u6599\\\u6700\u9ad8\u7cfb\u7edf\\\u751f\u6d3b\u90e8\u6cd5 - \u65e7.txt": "GBK"}, {"D:\\LePtC.github.io\\wiki\\moedale\\\u840c\u5927\u72f8\uff08\u53ca\u840c\u72f8\u5988\uff09.txt": "GB2312"}, {"D:\\\u624b\u7a3f\\\u6545\u4e8b\u7075\u611f\\\u79d1\u5e7b\u6b63\u6587\\\u653e\u5927.txt": "GB2312"}, {"E:\\\u4e34\u65f6\\\u300a\u9752\u6885\u7af9\u9a6c\u90a3\u4e2a\u4ed6\u300b \u4f5c\u8005\uff1a\u5f71\u7167.TXT": "GB2312"}, {"D:\\\u624b\u7a3f\\\u840c\u72f8\u7ed8\u5236\\LePtC \u7ed8\u672c\u8ba1\u5212\\\u540d\u8a00\\\u4e5d\u7ef4\u7a7a\u95f4\u7684\u540d\u8a00.txt": "GB2312"}, {"D:\\LePtC.github.io\\wiki\\hashi\\\u9171\u5b50.txt": "GB2312"}, {"D:\\\u624b\u7a3f\\\u5206\u7c7b\u7a3f\u6599\\\u7269\u7406\u79d1\u7814\u524d\u9014\\7\u5e74\u4e00\u56de\u9996.txt": "GBK"}, {"D:\\\u624b\u7a3f\\\u5206\u7c7b\u7a3f\u6599\\\u7269\u7406\u79d1\u7814\u524d\u9014\\\u7269\u7406\u524d\u8f88\u7ecf\u5386\\\u91d1\u52a0\u68cb.txt": "GBK"}, {"D:\\\u624b\u7a3f\\\u5206\u7c7b\u7a3f\u6599\\\u7269\u7406\u79d1\u7814\u524d\u9014\\\u300a\u8df3\u7ea7\u5728\u6e05\u534e\u300b\u300a7\u5e74\u4e00\u56de\u9996\u300b.txt": "GBK"}, {"E:\\\u97f3\u4e50\\\u5f85\u6311\\TODO.txt": "GBK"}, {"E:\\\u97f3\u4e50\\\u9ad8\u6e05\u4e13\u8f91\\\u5929\u9e45\u6e56 \u4e16\u754c\u540d\u66f2\u8054\u594f\\\u4e13\u8f91\u7b80\u4ecb.txt": "GB2312"}, {"E:\\\u97f3\u4e50\\\u67f4\u53ef\u592b\u65af\u57fa\u4e0d\u673d\u540d\u4f5c\u300a\u5929\u9e45\u6e56\u4e16\u754c\u540d\u66f2\u5927\u8054\u594f\u300b[WAV] \u4f5c\u54c1\u4ecb\u7ecd.txt": "GB2312"}, {"D:\\\u7cfb\u7edf\\\u6e38\u620f\\minecraft\\games_com.mojang\\minecraftWorlds\\\u65e5\u5fd7.txt": "GB2312"}, {"D:\\\u8bfe\u9898\\15-GPU\u622a\u65ad\\GPU-TODO-2015.txt": "GB2312"}, {"D:\\LePtC.github.io\\wiki\\lesuit\\\u72d0\u72f8\u670d.txt": "GB2312"}, {"D:\\\u7b14\u8bb0\\\u8bfb\u4e66\\\u6211\u6700\u559c\u7231\u7684\u4f5c\u5bb6.txt": "GB2312"}, {"D:\\\u7b14\u8bb0\\\u8bfb\u4e66\\\u7269\u7406\u5468\u8fb9\\\u6768\u632f\u5b81\u6559\u6388\u4e00\u5e2d\u8c08-\u6458\u6284.txt": "GB2312"}, {"D:\\LePtC.github.io\\wiki\\firele\\\u706b\u72f8.txt": "GB2312"}, {"D:\\\u7cfb\u7edf\\\u786c\u4ef6\\\u9009\u8d85\u6781\u672c.txt": "GB2312"}, {"D:\\LePtC.github.io\\wiki\\leplanet\\\u72f8\u661f\uff08\u53ca\u72f8\u661f\u7cfb\uff09.txt": "GB2312"}, {"D:\\LePtC.github.io\\wiki\\\u6b66\u5668\u5206\u7ea7.txt": "GB2312"}, {"D:\\LePtC.github.io\\wiki\\shu\\\u840c\u5e02\uff08\u53ca\u840c\u840c\u5927\u5b66\uff09.txt": "GB2312"}, {"D:\\LePtC.github.io\\wiki\\\u72f8PC.txt": "GB2312"}, {"D:\\LePtC.github.io\\wiki\\cyanko\\\u9171\u5b50.txt": "GB2312"}, {"D:\\\u8bfe\u9898\\15-GPU\u622a\u65ad\\GPU-20150302 - synctest\\GTMsync\\input1.ini": "GB2312"}, {"D:\\LePtC.github.io\\wiki\\matica\\\u9ea6\u9171.txt": "GB2312"}, {"G:\\H\u9762\u4e0a530\\\u5bc6\u7801.txt": "GB2312"}, {"D:\\\u624b\u7a3f\\\u5206\u7c7b\u7a3f\u6599\\\u6700\u9ad8\u7cfb\u7edf\\\u5173\u4e8e\u7b14\u8bb0\\\u5173\u4e8e\u8f93\u5165\u8f93\u51fa.txt": "GB2312"}, {"D:\\\u624b\u7a3f\\\u5206\u7c7b\u7a3f\u6599\\\u6700\u9ad8\u7cfb\u7edf\\\u5173\u4e8e\u7b14\u8bb0\\\u8c08\u5927\u795e\u7b14\u8bb0.txt": "GB2312"}, {"D:\\\u624b\u7a3f\\\u840c\u72f8\u4e3b\u9875\\\u679c\u58f3\u4ecb\u7ecd\u4e0e\u58f0\u660e.txt": "GB2312"}, {"D:\\\u624b\u7a3f\\\u5206\u7c7b\u7a3f\u6599\\\u6700\u9ad8\u7cfb\u7edf\\\u8f93\u5165\u8f93\u51fa\u6682\u8868.txt": "GB2312"}, {"D:\\\u8bfe\u9898\\15-GPU\u622a\u65ad\\GPU-20150302 - synctest\\source\\kernel\\kernels.cu": "GB2312"}, {"D:\\\u8bfe\u9898\\15-GPU\u622a\u65ad\\GPU-20150302 - synctest\\GTM\\input4.ini": "GB2312"}, {"D:\\\u8bfe\u9898\\15-GPU\u622a\u65ad\\GPU-20150302 - synctest\\GTM\\input3.ini": "GB2312"}, {"D:\\\u8bfe\u9898\\15-GPU\u622a\u65ad\\GPU-20150302 - synctest\\GTM\\input2.ini": "GB2312"}, {"D:\\\u8bfe\u9898\\15-GPU\u622a\u65ad\\GPU-20150302 - synctest\\GTM\\input1.ini": "GB2312"}, {"D:\\\u8bfe\u9898\\15-GPU\u622a\u65ad\\GPU-20150302 - synctest\\GTM\\input5.ini": "GB2312"}, {"D:\\\u8bfe\u9898\\15-GPU\u622a\u65ad\\GPU-20150302 - synctest\\source\\kernel\\kernel_sc_2.cu": "GB2312"}, {"D:\\\u8bfe\u9898\\15-GPU\u622a\u65ad\\GPU-20150302 - synctest\\source\\kernel\\kernel_sc.cu": "GB2312"}, {"D:\\\u8bfe\u9898\\15-GPU\u622a\u65ad\\GPU-20150302 - synctest\\source\\kernel\\kernel_s.cu": "GB2312"}, {"D:\\\u8bfe\u9898\\15-GPU\u622a\u65ad\\GPU-20150302 - synctest\\source\\kernel\\kernel_c.cu": "GB2312"}, {"D:\\\u8bfe\u9898\\15-GPU\u622a\u65ad\\GPU-20150302 - synctest\\source\\main.cu": "GB2312"}, {"D:\\\u4f5c\u54c1\\13\u5927\u56db\\Windows System.txt": "GBK"}, {"E:\\\u5267\u96c6\\\u751f\u6d3b\u5927\u7206\u70b8MP3\\The.Big.Bang.Theory.S01\\The.Big.Bang.Theory (11).lrc": "GB2312"}, {"D:\\\u624b\u7a3f\\\u5206\u7c7b\u7a3f\u6599\\\u672a\u6765\u76ee\u6807.txt": "GB2312"}, {"D:\\\u624b\u7a3f\\\u840c\u72f8\u4e3b\u9875\\\u3010\u5f85\u5907\u4efd\u3011\u679c\u58f3-2014-10-12\\\u590d\u66f4\u4e8b\u4ef6\u65e7\u8349\u7a3f.txt": "GBK"}, {"D:\\\u624b\u7a3f\\\u840c\u72f8\u4e3b\u9875\\\u590d\u66f4\u516c\u544a\u8349\u7a3f.txt": "GBK"}, {"D:\\\u624b\u7a3f\\\u840c\u72f8\u4e3b\u9875\\\u3010\u5f85\u5907\u4efd\u3011\u679c\u58f3-2014-10-12\\\u590d\u66f4\u4e8b\u4ef6\u8349\u7a3f.txt": "GBK"}, {"D:\\\u7cfb\u7edf\\\u706b\u72d0\\\u706b\u72d0\u5168\u7a0b.txt": "GB2312"}, {"C:\\Program Files\\Rainmeter\\Skins\\Weather\\Weather.ini": "GB2312"}, {"D:\\\u8bfe\u9898\\15-GPU\u622a\u65ad\\GPU-20150302\\source\\main.cu": "GB2312"}, {"D:\\\u624b\u7a3f\\\u5173\u4e8e\u524d\u9014\\\u6211\u7684\u7269\u7406\u4e66\u5355-\u5f53\u524d.txt": "GBK"}, {"D:\\\u7b14\u8bb0\\\u7a0b\u8bbe\\C\\guess.c": "GB2312"}, {"C:\\Users\\Le\\AppData\\Local\\Temp\\dtemp-cecfc6850024201-20.dop\\\u4e1c\u5761\u4e0b\u8f7d\u8bf4\u660e.txt": "GBK"}, {"C:\\Program Files\\HaoZipCD\\\u4e0b\u8f7d\u5b89\u88c5\u8bf4\u660e.txt": "GBK"}, {"D:\\\u624b\u7a3f\\\u5173\u4e8e\u524d\u9014\\\u7269\u7406\u79d1\u7814\u524d\u9014\\\u8c08\u7406\u8bba\u7269\u7406.txt": "GBK"}, {"D:\\\u624b\u7a3f\\\u6700\u9ad8\u7cfb\u7edf\\\u8c08\u6700\u9ad8\u7cfb\u7edf.txt": "GB18030"}, {"D:\\\u624b\u7a3f\\\u5173\u4e8e\u524d\u9014\\\u7269\u7406\u79d1\u7814\u524d\u9014\\\u77e5\u4e4e\u7269\u7406.txt": "GB2312"}, {"D:\\\u624b\u7a3f\\\u7269\u7406\u672a\u6765\\\u7269\u7406\u81ea\u5b66\u6307\u5357\u8349\u7a3f.txt": "GB2312"}, {"D:\\\u624b\u7a3f\\\u5176\u5b83\u4f5c\u6587\u7a3f\\\u7edd\u5bf9\u8fd0\u6c14\u7684\u4eba.txt": "GB2312"}, {"D:\\\u624b\u7a3f\\\u7269\u7406\u672a\u6765\\\u672a\u6765\u76ee\u6807.txt": "GB2312"}, {"D:\\\u624b\u7a3f\\\u7269\u7406\u672a\u6765\\\u79d1\u5b66\u5bb6\u5fc3\u6001\u7a3f.txt": "GB2312"}, {"D:\\\u624b\u7a3f\\\u7269\u7406\u672a\u6765\\\u8c08\u7406\u8bba\u7269\u7406.txt": "GBK"}, {"D:\\\u624b\u7a3f\\\u7269\u7406\u672a\u6765\\\u4e5d\u7ef4\u7a7a\u95f4\u7684\u540d\u8a00.txt": "GB2312"}, {"D:\\\u624b\u7a3f\\\u7269\u7406\u672a\u6765\\\u7814\u7a76\u751f\u90fd\u505a\u4e9b\u5565.txt": "GB2312"}, {"D:\\\u624b\u7a3f\\\u7269\u7406\u672a\u6765\\\u77e5\u4e4e\u7269\u7406.txt": "GB2312"}, {"C:\\Program Files\\Foxit\\\u8f6f\u4ef6\u7b80\u4ecb.txt": "GB2312"}, {"D:\\LePtC.github.io\\wiki\\bluecivil\\\u84dd\u661f\uff08\u53ca\u84dd\u661f\u4eba\u7269\uff09.txt": "GB2312"}, {"D:\\\u624b\u7a3f\\\u7269\u7406\u672a\u6765\\\u6211\u7684\u7269\u7406\u4e66\u5355-\u5f53\u524d.txt": "GBK"}, {"E:\\\u767e\u5ea6\u7f51\u76d8\\[NeoSpeech.TTS][\u5973\u58f0].NeoSpeech.Japanese.Misaki_v3.10.0.0\\\u5b89\u88c5\u8bf4\u660e.txt": "GB2312"}]