likes,928123,10330740,456664753,20165629,546195,401742377,473837611,222103174,98627270,483787858,14110780,5970160,1131457022,562197,686127,383352214,507554171,1732839919,15618582,14946689,473637654,353246678,477132,54992199,222103174,174501086,10330740,483787858,374628474,268536810,519585366,476714097,14110780,8047632,522653994,542824499,2654670,300021061,99157282
name,哔哩哔哩番剧,观察者网,央视新闻,共青团中央,老番茄,原神,新华社,央视网,哔哩哔哩国创,环球网,凉风Kaze,小潮院长,人民日报,中国BOY超级大猩猩,籽岷,美食米阿米,烂活传说,民生视频,桃乐小晚,涼仔,xiao小柴哥,UP-Sings,TAKERA,观视频工作室,央视网,哔哩哔哩会员购,观察者网,环球网,旭旭宝宝实况,火播君,游戏BBQ,小黑图图兔,凉风Kaze,哔哩哔哩弹幕网,大象新闻,军情阿丁,狸子LePtC,狸工智能,盗月社食遇记
2023120111,-1,-1,-1,-1,-1,-1,-1,-1,-1,-1,-1,-1,-1,-1,-1,-1,-1,-1,-1,-1,-1,-1,-1,-1,-1,-1,-1,-1,-1,-1,-1,-1,-1,-1,-1,-1,-1,-1,-1
2023120123,442582036,409061517,299881842,252219364,187246190,180781153,174345367,171321333,160850480,154710528,142810669,130454598,120003842,115070414,119793036,9065270,9054102,9021952,9034168,8971733,8891143,11043428,3307718,59045485,171321333,54467231,409061517,154710528,35451160,22952472,28654140,10617666,142810669,45523173,44140547,-1,1806139,197520,87883842
2023120211,-1,-1,-1,-1,-1,-1,-1,-1,-1,-1,-1,-1,-1,-1,-1,-1,-1,-1,-1,-1,-1,-1,-1,-1,-1,-1,-1,-1,-1,-1,-1,-1,-1,-1,-1,-1,-1,-1,-1
2023120223,444645097,409425008,302536864,250302310,191692540,180925576,172200409,171394631,161099686,131863175,142833257,130737214,120302220,115165715,119902890,9067542,9055304,-1,9034536,8971850,8891389,7909472,3316848,45748889,171394631,23615942,409425008,131863175,35457478,22966119,28701625,1133840,142833257,45527716,38401132,-1,1806310,197548,87917587
2023120311,-1,-1,-1,-1,-1,-1,-1,-1,-1,-1,-1,-1,-1,-1,-1,-1,-1,-1,-1,-1,-1,-1,-1,-1,-1,-1,-1,-1,-1,-1,-1,-1,-1,-1,-1,-1,-1,-1,-1
2023120323,444911676,428424151,302627362,252308497,191767747,181007201,174550909,144224522,160797846,154925872,135565623,127921665,120610590,115202983,119938439,9068201,9055916,9023172,9034846,8971898,8891575,11045900,3319126,45749994,144224522,23648432,428424151,154925872,22051522,12914810,38682746,1134370,135565623,53533088,44215001,-1,1789690,197588,87944886
2023120411,-1,-1,-1,-1,-1,-1,-1,-1,-1,-1,-1,-1,-1,-1,-1,-1,-1,-1,-1,-1,-1,-1,-1,-1,-1,-1,-1,-1,-1,-1,-1,-1,-1,-1,-1,-1,-1,-1,-1
2023120423,443600409,428493167,300203339,250347438,191802242,181054474,174606106,171457618,160888376,132117417,135572004,130876450,120682017,115223014,121025214,9068942,9056405,9023890,9035016,8971929,8891784,7910975,3326824,45751109,171457618,23696417,428493167,132117417,35461730,12933570,38699769,10619514,135572004,53533833,44239134,-1,1807829,197633,87960703
2023120511,-1,-1,-1,-1,-1,-1,-1,-1,-1,-1,-1,-1,-1,-1,-1,-1,-1,-1,-1,-1,-1,-1,-1,-1,-1,-1,-1,-1,-1,-1,-1,-1,-1,-1,-1,-1,-1,-1,-1
2023120523,443842697,410235271,302743430,252352554,191822909,181079272,174652650,171492612,160985200,132408458,135576185,130896514,120782552,115241668,120054952,9070767,9056934,9024377,9035119,8972020,8891921,11047425,3333855,45757059,171492612,54649316,410235271,132408458,35462472,12956497,28833247,10619992,135576185,45530942,44282031,-1,1791009,197674,87972457
2023120611,-1,-1,-1,-1,-1,-1,-1,-1,-1,-1,-1,-1,-1,-1,-1,-1,-1,-1,-1,-1,-1,-1,-1,-1,-1,-1,-1,-1,-1,-1,-1,-1,-1,-1,-1,-1,-1,-1,-1
2023120623,444078224,428618585,300317132,250419954,187577438,181170114,172425804,171530433,161497986,132630252,142854709,130913255,120646726,115255382,120110110,9073204,9057364,9024843,9035270,8972075,8892060,11048258,3339691,59062790,171530433,23787905,428618585,132630252,35463188,12982747,38741671,1135823,142854709,45531458,44311375,-1,1808354,197714,87981233
2023120711,-1,-1,-1,-1,-1,-1,-1,-1,-1,-1,-1,-1,-1,-1,-1,-1,-1,-1,-1,-1,-1,-1,-1,-1,-1,-1,-1,-1,-1,-1,-1,-1,-1,-1,-1,-1,-1,-1,-1
2023120723,445839442,428757727,300394854,250452163,187591278,181296330,174830284,171564051,161589128,132906325,142946387,130928777,120953872,115298835,120150649,9074982,9057781,9025294,9035480,8972091,8892182,7913469,3344397,59076166,171564051,54741305,428757727,132906325,35468196,22999942,28946428,10621116,142946387,53536570,38676364,-1,1808828,197780,87990805
2023120811,-1,-1,-1,-1,-1,-1,-1,-1,-1,-1,-1,-1,-1,-1,-1,-1,-1,-1,-1,-1,-1,-1,-1,-1,-1,-1,-1,-1,-1,-1,-1,-1,-1,-1,-1,-1,-1,-1,-1
2023120823,446087927,428868234,302957078,250476672,191867123,181427507,172649508,171610045,161691046,133135761,135735429,131048028,121021433,115347607,121231937,9076860,9058305,9025517,9035663,8972203,8892335,11050027,3347950,45786903,171610045,23894686,428868234,133135761,22075540,13042087,38798712,10621698,135735429,45536285,44430453,-1,1808942,197822,88021992
2023120911,-1,-1,-1,-1,-1,-1,-1,-1,-1,-1,-1,-1,-1,-1,-1,-1,-1,-1,-1,-1,-1,-1,-1,-1,-1,-1,-1,-1,-1,-1,-1,-1,-1,-1,-1,-1,-1,-1,-1
2023120923,446429615,411358471,300604276,252513074,187683002,181884607,175068741,145543835,161453075,133453019,143137935,131488645,121128119,115448642,121297550,9079201,9058924,9026408,9035853,8972255,8892468,11051188,3358035,59088000,145543835,54841422,411358471,133453019,22096961,13070496,29039590,10622427,143137935,53540627,38869413,-1,1809090,197844,88064152
2023121011,-1,-1,-1,-1,-1,-1,-1,-1,-1,-1,-1,-1,-1,-1,-1,-1,-1,-1,-1,-1,-1,-1,-1,-1,-1,-1,-1,-1,-1,-1,-1,-1,-1,-1,-1,-1,-1,-1,-1
2023121023,445258415,411690604,300732733,252553509,192007112,181977686,175192401,171744804,161602972,155841767,143184543,128737947,120992027,115508329,120309423,9081851,9059524,9026771,9036023,8972405,8892574,11052408,3364221,59090378,171744804,54887150,411690604,155841767,35480443,13093475,38835186,10623184,143184543,53541581,39014321,-1,1809234,197922,88087746
2023121111,-1,-1,-1,-1,-1,-1,-1,-1,-1,-1,-1,-1,-1,-1,-1,-1,-1,-1,-1,-1,-1,-1,-1,-1,-1,-1,-1,-1,-1,-1,-1,-1,-1,-1,-1,-1,-1,-1,-1
2023121123,445562107,429254456,300822979,250586918,187765686,182044177,175269904,145902468,161691564,156009651,143213504,128792218,121263733,115531764,120354059,9084158,9059843,9027510,9036331,8972473,8892688,11053235,10051647,45795658,145902468,24047470,429254456,156009651,22138076,23030555,38855423,10623539,143213504,53542240,39054311,-1,1794641,197969,88103360
2023121211,-1,-1,-1,-1,-1,-1,-1,-1,-1,-1,-1,-1,-1,-1,-1,-1,-1,-1,-1,-1,-1,-1,-1,-1,-1,-1,-1,-1,-1,-1,-1,-1,-1,-1,-1,-1,-1,-1,-1
2023121223,445806975,412264469,303408511,250626056,192039381,182095237,173064838,146021862,162189105,156151648,135952670,131740022,121320203,115548929,121429911,9086090,9060170,9027939,9036553,8972494,8892757,7918427,3379538,59095242,146021862,54977408,412264469,156151648,22140888,23039444,29163927,1139302,135952670,53542836,44585393,-1,1812427,197992,88115497
2023121311,-1,-1,-1,-1,-1,-1,-1,-1,-1,-1,-1,-1,-1,-1,-1,-1,-1,-1,-1,-1,-1,-1,-1,-1,-1,-1,-1,-1,-1,-1,-1,-1,-1,-1,-1,-1,-1,-1,-1
2023121323,447521426,429430127,303549881,250698068,187792410,182121574,175749635,171900072,161860767,134458937,135960233,128863085,121199090,115561452,121453611,9087389,9060563,9028379,9036720,8972568,8892868,7919217,3385030,45799501,171900072,24145918,429430127,134458937,35488632,23050702,29202342,1139618,135960233,53543288,44603786,-1,1812652,198064,88125965
2023121411,446154150,412770599,303602627,250720813,192059026,182131631,173565353,171912708,161892127,156400234,143238123,131781007,121450524,115571034,121464814,9088016,9060734,9028555,9036777,8972561,8892879,11055245,3387586,45802556,171912708,24160425,412770599,156400234,22161437,13167551,29226509,1139765,143238123,45540165,39140270,-1,1812715,198068,88130621
2023121423,446294597,429508607,303664440,250733868,187805015,182337641,173674982,146418988,161947694,156526885,136027381,128891015,121501913,115605494,121489249,9088415,9061066,9028430,9036889,8972616,8892943,11055780,3392940,59107397,146418988,24190163,429508607,156526885,22165691,23060690,38969053,1139967,136027381,53543833,44635641,-1,1795596,198106,88136736
2023121511,447862677,413092913,303699738,252729109,192069928,182378417,173758538,171976866,162394283,134865119,136044822,128899562,121325098,115618217,120472989,9088922,9061201,9028913,9036869,8972597,8892970,7920473,3397272,45812139,171976866,55080209,413092913,134865119,35491252,13196127,29285766,10624606,136044822,53544053,39191850,-1,1795647,198107,88140557
2023121523,446601394,429588839,301296804,252760531,192109902,182466959,173893026,172009187,162042291,134989254,136062505,128921089,121397909,115683436,121512437,9089271,9061408,9029129,9037046,8972663,8893031,7920969,10057076,45816510,172009187,55109212,429588839,134989254,35492549,23069583,39018936,10624860,136062505,45597117,39274000,-1,1812954,198144,88171932
2023121611,448143799,429616662,303846812,252778948,192131042,182491426,173953376,146634038,162497959,135061156,136070143,129082714,121436134,115701107,121526026,9089660,9061538,9029347,9037040,8972666,8893055,11057013,10057738,45818037,146634038,24260389,429616662,135061156,35493380,13230022,39099183,1140422,136070143,53614378,44775379,-1,1795797,198155,88193483
2023121623,446968756,413606121,301473986,252804198,187891604,182704783,176352700,146734827,162226739,156859663,136082720,129361123,121523006,115726275,121549190,9089927,9061747,9029615,9037145,8972751,8893130,11057778,10059721,59118640,146734827,24287965,413606121,156859663,22199410,23080731,29491054,1140773,136082720,53625459,44815050,-1,1814411,198201,88213593
2023121711,447111895,429721659,304016316,252823455,192161654,182754311,176410327,172067134,162698257,135319906,136088438,129421701,121569494,115738445,120574229,9090217,9061930,-1,9037204,8972746,8893184,11058151,3415358,59119592,172067134,24298424,429721659,135319906,35496223,13259198,29536749,1141005,136088438,45627047,44830254,-1,1798200,198179,88221965
2023121723,448766656,413862151,301707285,250865304,192181939,182802388,176494093,172088025,162823805,135458822,143384570,129520714,121648965,115774823,121640411,9090556,9062226,9029790,9037343,8972779,8893257,11058805,3419730,45822852,172088025,24327192,413862151,135458822,22208425,13270281,29568695,1141508,143384570,45634606,39449635,-1,1799695,198218,88235134
2023121811,447443350,429830959,304254018,250872287,192187145,182819543,174230563,146918550,162444490,135517624,136118331,129543642,121894176,115783885,120634601,9090774,9062340,9029942,9037394,8972809,8893294,11059148,3420942,45823922,146918550,24337046,429830959,135517624,22224219,13276354,39172115,1141655,136118331,45637261,44851618,-1,1800396,198226,88241971
2023121823,449002306,414156544,301919360,250883955,192194577,183182294,176581146,172116568,162920734,157061711,143401786,129575493,121729891,115800359,120653233,9090994,9062605,9030427,9037508,8972870,8893323,11059622,10063494,45825554,172116568,55234323,414156544,157061711,22224699,13286936,29614045,10626585,143401786,45641252,39568859,-1,1800988,198289,88258192
2023121911,447686652,414491612,301993627,250904722,187937357,183272976,174335778,172126834,162535896,136148614,136130606,132498500,121978387,115805114,121703693,9091227,9062739,9030615,9037558,8972851,8893361,11059925,3427658,45826175,172126834,55247028,414491612,136148614,35498498,13294602,29626725,1142128,136130606,53646379,44921693,-1,1801265,198290,88269097
2023121923,449241190,414631468,304586550,250925379,192204205,183540136,176703692,172145745,162593771,136349506,136135224,129625474,121815876,115814689,120693490,9091429,9062962,9030571,9037702,8972882,8893384,11060331,3432353,45829083,172145745,24438927,414631468,136349506,22230144,23108707,29661429,1142649,136135224,53649656,39841651,-1,1818843,198305,88278684
2023122011,448008940,414874013,304671521,252937627,192256047,183719236,176756283,172164587,162657314,157265967,136145485,132569774,121868310,115882646,121751222,9091710,9063164,-1,9037701,8972919,8893437,11060750,10067452,45830993,172164587,24525172,414874013,157265967,35500690,13329709,39244749,1143518,136145485,53653253,39952526,-1,1819072,198366,88290492
2023122023,449501966,430134720,302231753,252953755,188038437,183836556,176779313,147424690,163106544,157307227,143424471,132585040,122112338,115928368,120729632,9091811,9063281,9030920,9037804,8972936,8893450,7925319,10068231,45832235,147424690,55323241,430134720,157307227,35500943,23118620,39256520,10628585,143424471,53656882,40004579,-1,1801924,198349,88294813
2023122111,448192527,430160893,304774058,252965872,188061178,183896848,174535972,147492829,163137547,136642947,143473885,132597222,122147184,115952608,120794745,9091975,9063414,9031381,9037779,8972996,8893466,11061275,3441126,59131132,147492829,55335825,430160893,136642947,35501368,23122406,39266236,1144345,143473885,53662470,45253176,-1,1819266,198353,88298351
2023122123,449752147,430217543,302364198,252975209,192349830,183962138,176888618,147658021,163193263,157429699,136226388,129708472,122229677,115981077,120810986,9092163,9063618,-1,9037893,8972995,8893499,11061968,10069765,59134998,147658021,55372742,430217543,157429699,35501889,13362748,29762158,1145457,136226388,45659959,40116411,-1,1819429,198399,88305213
2023122211,449989499,430294008,302601063,253007329,188124672,184017940,174674840,147764966,162870775,137053871,136245500,132642242,122101176,116011668,121870779,9092473,9063821,-1,9037979,8973034,8893551,11099246,10070819,59136414,147764966,24644329,430294008,137053871,35502842,13375246,39303982,1146676,136245500,53668131,40262529,-1,1802386,198465,88333341
2023122223,450033500,430316476,305116002,251035153,188136580,184063891,174691946,147815788,163314457,137094072,136247993,132650080,122121516,116024499,121874650,9092517,9063865,9031634,9038003,8973037,8893564,11099395,3446650,45838134,147815788,55432516,430316476,137094072,35503034,13376444,39309405,1146900,136247993,45665462,40283425,-1,1802425,198448,88352559
2023122311,448744507,415391460,302687706,253030000,188170956,184127024,177014909,147877893,163367454,157602401,143528821,132781795,122172319,116039984,120862013,9092656,9063985,9032086,9038050,8973061,8893592,7964077,3454864,45838500,147877893,24669581,415391460,157602401,22241939,13394346,39328416,10631832,143528821,45666734,40318368,-1,1802509,198477,88383905
2023122323,448968884,430444196,302849646,251081188,192538876,184206138,174793011,172389053,163520277,157781334,136261392,130144632,122285295,116135586,121908271,9092846,9064198,9032380,9038136,8973144,8893672,11100463,3460999,59138223,172389053,55505068,430444196,157781334,22260284,23147711,39355050,10632802,136261392,53672200,40393158,-1,1802703,198518,88432131
2023122411,449095852,430474641,302946116,251094210,192615017,184231907,174822972,148016995,163580956,157861058,143540736,130206258,122334975,116206307,121928169,9093014,9064292,-1,9038248,8973140,8893703,11100858,10091940,45840243,148016995,24754639,430474641,157861058,35505273,23150903,29899634,10633276,143540736,53673005,45592325,-1,1802808,198497,88451918
2023122423,449311666,415725890,303087794,251117100,188448609,184263624,174868699,148114711,163281329,157924844,136271722,130301149,122632657,116350121,120936383,9093183,9064490,9032453,9038474,8973214,8893755,11101442,3474686,45841769,148114711,24931584,415725890,157924844,35506342,23152952,29931728,1149728,136271722,45671132,45612703,-1,1820287,198558,88479447
2023122511,-1,-1,-1,-1,-1,-1,-1,-1,-1,-1,-1,-1,-1,-1,-1,-1,-1,-1,-1,-1,-1,-1,-1,-1,-1,-1,-1,-1,-1,-1,-1,-1,-1,-1,-1,-1,-1,-1,-1
2023122523,449609470,430644935,303301789,253152871,188510946,184350041,174926922,172573565,163417926,158070860,143554896,130370216,122767805,116432228,120974771,9093722,9064794,-1,9038571,8973287,8893814,7966792,3484948,59141974,172573565,55779718,430644935,158070860,22268938,13449274,29986486,10634887,143554896,53678417,40516012,-1,1821653,198583,88515634
2023122611,451035813,415928226,303327150,251204434,192778239,184355390,174933372,148472720,163435592,137979759,143555824,133283868,122603295,116438608,122011849,9093790,9064865,9032843,9038581,8973277,8893824,11102578,3485280,59142105,148472720,25032332,415928226,137979759,22269068,13454810,39421488,1150459,143555824,45675651,45675592,-1,1821804,198618,88519902
2023122623,451152145,416067052,305890256,251229348,192795813,184387759,177238634,148525129,163902624,138100816,143559212,133304194,122744871,116458540,120993364,9093972,9065025,9033294,9038641,8973337,8893855,7967345,10095646,45844328,148525129,25059597,416067052,138100816,35507751,23164271,39440630,1150801,143559212,53680980,40548605,-1,1821993,198640,88560398
2023122711,449861097,430746241,305951403,251239509,188544381,184400731,174966026,172644351,163939332,158235009,136287411,130408633,123036473,116470736,122033625,9094097,9065134,9033412,9038788,8973336,8893860,11103353,3489355,59143794,172644351,55833952,430746241,158235009,22393690,13476179,39453843,10635539,136287411,53682442,40561123,-1,1822095,198624,88592718
2023122723,450015103,430817440,303607901,253237904,188562093,184473999,175020580,148668712,163595106,158361107,143585769,130432126,123117217,116526662,121026873,9094288,9065358,9033547,9038921,8973419,8893912,7968194,3495213,45846536,148668712,25108130,430817440,158361107,35513120,23173942,39484920,10635898,143585769,45683981,40627513,-1,1805032,198684,88625913
2023122811,450080717,416328106,306131684,251261083,188566882,184489538,177332453,148690589,163617418,138355408,143617002,130438324,123144419,116534946,122069430,9094408,9065443,9033380,9038957,8973453,8893923,11104082,3500001,45847141,148690589,55875191,416328106,138355408,35514309,13493484,39502807,1151401,143617002,53688368,45798066,-1,1822346,198687,88632477
2023122823,451601616,416438765,303768110,253251629,188578641,184525057,175133855,148745137,163686677,158493955,143646409,130456978,122991740,116559221,121061946,9094556,9065607,9033791,9039027,8973488,8893941,11104567,3500732,59147636,148745137,25156964,416438765,158493955,35516764,23184269,30138252,1151641,143646409,45688371,45849398,-1,1805296,198695,88647094
2023122911,450313474,416489029,303859292,253262436,192846665,184537795,177472030,172742371,163720047,158533727,136382118,133374776,123250902,116570207,121077940,9094813,9065706,9033656,9039068,8973511,8893971,11104906,10098616,45849879,172742371,25169964,416489029,158533727,22413309,13519967,30158800,10636319,136382118,45689087,40746298,-1,1805417,198723,88653161
2023122923,450480270,430990794,306529093,251297409,192860814,184616083,177549919,148904726,164215830,138682969,143681134,130489503,123137360,116604847,122118372,9094949,9065960,9034098,9039076,8973540,8894018,7969746,10099171,45855502,148904726,55951137,430990794,138682969,22419907,23191733,39591497,1152257,143681134,53694896,45912653,-1,1805568,198734,88669195
2023123011,450592816,416723756,304156595,253298170,188608531,184641144,177601866,148989984,164260709,158695597,143694094,133621117,123191994,121441714,122143577,9095050,9066107,9034037,9039119,8973539,8894062,7970096,10099453,59156314,148989984,25229569,416723756,158695597,35529050,23194198,30212493,10637103,143694094,53697143,45933330,-1,1822897,198736,88690898
2023123023,450808509,416855463,304379442,251345471,192894305,184671638,177694257,172852334,164008427,138919669,136430057,133801320,123296176,121493391,122175070,9095160,9066435,9034528,9039342,8973582,8894156,11106438,10100167,45861193,172852334,25290122,416855463,138919669,22457757,23198381,30237836,1153191,136430057,53698357,45962713,-1,1805940,198802,88714248
2023123111,450932445,431118482,306967072,251353369,188644261,184685605,175462001,172868717,164486892,158833691,143712472,133849297,123342908,121517077,122194968,9095246,9066574,-1,9039377,8973638,8894196,7971135,10100783,45864101,172868717,56054718,431118482,158833691,35538501,23200115,39637075,10638047,143712472,45695598,40876084,-1,1823916,198807,88727885
2023123123,452528587,431187564,307182456,253352657,188672181,184794097,177880302,172913734,164190648,158958654,143723900,133929498,123673875,121587754,121189577,9095377,9066994,9034938,9039547,8973687,8894271,11107500,3510019,45865604,172913734,25351264,431187564,158958654,22496089,13567508,30269396,1154331,143723900,53701041,45995259,-1,1825829,198843,88740982
2024010111,452636710,417253306,307317203,253383001,192942948,184817336,175642129,172944119,164654164,139313351,143728476,131049103,123750777,121618174,122304894,9095445,9067154,9035166,9039645,8973702,8894304,7972146,10103182,59164911,172944119,25377207,417253306,139313351,35549570,13571879,39666314,10640614,143728476,45703013,40983301,-1,1812136,198822,88755011
2024010123,452846937,417373483,307505500,251431148,192971197,184885051,175724367,173030601,164330969,159181679,136464658,131115744,123649321,121664799,122367881,9095561,9067514,9035379,9039827,8973778,8894381,7972719,3513358,45867750,173030601,56166523,417373483,159181679,35554774,23209720,39688316,1167761,136464658,53710051,41034233,-1,1832987,198892,88766834
2024010211,451559134,417424554,305066685,251442114,192978306,184897625,178042791,173041372,164782980,139597002,136468196,134042881,123676577,121677857,122395567,9095646,9067662,9035512,9039874,8973824,8894392,7972995,10105253,45868303,173041372,56182785,417424554,139597002,35556391,23211976,39705497,10652506,136468196,53710762,46072177,-1,1816790,198873,88773302
2024010223,453075550,417515701,305168610,251463029,188726875,184957302,175807379,149539450,164836707,139754769,136474270,134069434,123926311,121694948,122426949,9095709,9067911,9035456,9039930,8973825,8894432,11109204,3520214,59171176,149539450,25483131,417515701,139754769,22542298,23217506,39733961,10652912,136474270,53713132,46139114,-1,1817905,198914,88791239
2024010311,451785203,417559161,305229922,253457036,192994522,184979004,178117971,149593077,164866336,159399101,143752555,131174913,123953900,121701785,122463115,9095801,9068056,9035892,9039977,8973898,8894450,11109627,3524640,59175710,149593077,56223113,417559161,159399101,22543910,23221200,30399794,10653015,143752555,53713782,46167419,-1,1818362,198922,88797243
2024010323,451920903,431417110,305317439,251492141,193004869,185092257,178146150,149709663,164502576,139960676,143757496,134104044,124127129,121715448,122490785,9095927,9068310,9035791,9040069,8973948,8894599,11111545,10107924,59180866,149709663,25540238,431417110,139960676,35562822,23226566,39767706,10653197,143757496,53714594,41197282,-1,1818747,198959,88843441
2024010411,453380520,431429267,307847650,251502496,188748710,185117216,178160981,173165872,164949495,140018263,136532250,131206934,124231562,121724343,121484202,9095982,9068420,9035899,9040107,8973933,8894667,7978587,10108647,45883817,173165872,56278997,431429267,140018263,22547251,13635030,30448745,10653289,136532250,53715273,41219642,-1,1836194,198988,88874900
2024010423,452139265,431481514,305423241,251519248,188757159,185193756,178198033,173238328,164576806,140269184,136558342,134133718,124314127,121771246,122554678,9096073,9068694,9036113,9040220,8973991,8894761,7981104,3529530,59183807,173238328,25589228,431481514,140269184,22548344,23234054,30481428,1169058,136558342,53716687,46267548,-1,1836463,198989,88909447
2024010511,453616407,417783848,307944144,251535231,193024281,185216076,178217107,173302921,164604447,140323888,136568217,134144088,124363761,121813982,121549322,9096207,9068891,9037266,9040224,8973977,8894795,7983174,10110405,59184560,173302921,56322600,417783848,140323888,22552443,23235805,30493168,10653853,136568217,53717349,41292842,-1,1837055,198990,88927044
2024010523,452411541,417858556,305569192,253534810,193093215,185394005,178257026,150087139,164674880,140500099,136578620,131256366,124421934,121877171,121573779,9096295,9069120,9037683,9040371,8973979,8894940,11121995,3533634,59185576,150087139,56352296,417858556,140500099,22553763,13661180,39829720,10654347,136578620,45715530,41349676,-1,1820138,199007,88948295
2024010611,452528836,431629549,308123599,253544510,193128264,185438444,175992002,173378179,164717269,159857280,143858434,131269947,124462686,121901817,121609320,9096373,9069267,9037661,9040375,8974033,8894996,11124521,3539194,59186244,173378179,56366720,431629549,159857280,22564005,23243500,39839502,1169956,143858434,53719504,41369228,-1,1837567,199036,88959736
2024010623,454117525,417987112,305755977,251578341,193272229,185488445,178330337,173413711,165281426,159923206,143890130,131302061,124325200,121939451,121643230,9096485,9069530,9037934,9040491,8974072,8895092,11128195,10112490,45888880,173413711,25691811,417987112,159923206,22582616,23251377,30583059,10655121,143890130,45719196,41420188,-1,1820636,199085,88978696
2024010711,452893813,418071393,305834142,253568589,189058195,185508008,178354376,173433910,165335661,140832021,143906058,134226082,124581671,121999402,121680326,9096524,9069679,-1,9040533,8974054,8895129,7994366,3542898,45889543,173433910,25706956,418071393,140832021,22584557,13687980,30592323,10655364,143906058,45720068,41439317,-1,1821668,199071,88986611
2024010723,453100606,431814445,308476307,251604674,189124225,185533004,176112060,150498656,165441028,160032523,136645127,134267757,124451406,122061105,121728010,9096596,9070045,9038479,9040597,8974082,8895231,7996954,3548488,59189195,150498656,25741818,431814445,160032523,22586280,13706576,30611342,10655689,136645127,45720875,46412481,-1,1840147,199111,89006988
2024010811,454547137,431841093,308537967,253596918,189144219,185543264,176136636,150537039,165476271,140993033,136651048,131374063,124479179,122078665,122785899,9096674,9070153,9038653,9040620,8974120,8895261,11133738,10113930,59189950,150537039,56448687,431841093,140993033,22590776,23259867,39873236,10655894,136651048,53724600,46419658,-1,1823201,199143,89017840
2024010823,453354373,431900823,308633584,253646342,189169927,185587453,176166580,173520255,165110014,160132187,143931597,134491438,124519930,122098937,121799211,9096700,9070357,9039124,9040712,8974203,8895321,11135040,10114678,59190674,173520255,56473577,431900823,160132187,22591749,23262125,30672190,10656607,143931597,53724956,46437689,-1,1823502,199187,89027680
2024010911,453448460,431920829,308702596,253670199,189182801,185600644,176190366,150634796,165139571,141159448,143934753,131699450,124546999,122108751,121823511,9096753,9070517,9039114,9040761,8974196,8895340,8000326,3551928,45892710,150634796,56485738,431920829,141159448,22594665,13736411,39905069,10656883,143934753,53725233,46448223,-1,1823662,199189,89033732
2024010923,454932167,431968546,306288163,251733647,193462729,185800536,178517247,173589406,165615741,160266201,136664723,131785942,124703224,122122614,121842959,9096803,9070772,9039484,9040801,8974224,8895390,8001703,3554881,59191917,173589406,25832679,431968546,160266201,35574209,23267457,30730170,10657687,136664723,45723064,41580374,-1,1823887,199224,89043383
2024011011,453690404,418506281,306376933,253734382,189230312,185857296,176274682,173609063,165648640,141391833,136666957,131823102,125024612,122129508,122899010,9096835,9070907,9040321,9040828,8974288,8895404,11138295,10116464,59192538,173609063,25848386,418506281,141391833,22595606,23269844,39922911,1173714,136666957,45723472,46486807,-1,1824095,199211,89048215
2024011023,455150736,432095883,306546491,253766926,189246594,185920166,176354450,150839165,165288347,141555508,136672331,131865748,124916603,122167823,121889378,9096857,9071096,9040780,9040968,8974309,8895449,8003849,10118315,59193237,150839165,56564679,432095883,141555508,35575260,13775287,39937320,1175278,136672331,45725338,46516910,-1,1841566,199272,89057265
2024011111,453906363,418724675,306605818,253794618,189254797,185939398,178682734,150906727,165319936,141658864,143982802,134795630,125225182,122192358,121915350,9096872,9071201,9041244,9041036,8974282,8895481,11140355,10119320,45895193,150906727,56580487,418724675,141658864,35575689,23280474,39943225,1175870,143982802,53729204,41656775,-1,1841686,199256,89061891
2024011123,455379251,432196171,309169968,253841124,193531766,185974982,178726788,173705144,165791264,141780042,144002733,131920518,125093555,122217483,121952689,9097960,9071394,9041975,9041079,8974301,8895524,8005828,3561815,45896216,173705144,56609854,432196171,141780042,35576286,23285954,30853110,1176864,144002733,53730471,41681857,-1,1824696,199318,89071946
2024011211,455493217,418904926,306714041,253865317,193539108,185992366,176462006,173722692,165403385,160635136,136734843,131938046,125139262,122229095,122995894,9098568,9071483,9043032,9041135,8974334,8895542,8006553,10120943,59195442,173722692,56623678,418904926,160635136,22611999,23288823,39987220,10661825,136734843,45727522,41695231,-1,1842037,199326,89077015
2024011223,454324798,432293478,309262792,253904845,189291907,186117853,176510933,173754933,165893062,160709143,136742662,134882411,125465908,122268884,123046198,9098751,9071722,9044172,9041236,8974366,8895590,11143563,10121711,45902237,173754933,56651991,432293478,160709143,35577470,13822792,40009062,1178668,136742662,53731227,46596000,-1,1825037,199305,89110823
2024011311,455777127,419050796,306817476,251960170,193568824,186146193,178825489,151206975,165515965,160744556,136746032,134905086,125342524,123738632,123065418,9098885,9071874,9044661,9041228,8974421,8895613,8008779,10122207,59203381,151206975,56666500,419050796,160744556,22627352,23296930,40019654,1179021,136746032,45728120,46632937,-1,1842354,199342,89133531
2024011323,454686532,419142399,306899737,252019554,189408746,186179774,176623708,151261931,166082524,160813385,136751924,134954942,125440395,123838881,123089225,9099000,9072238,9045270,9041413,8974453,8895681,8010362,10123102,59205498,151261931,56695207,419142399,160813385,35579245,13848293,30962135,1180125,136751924,53731908,46667481,-1,1826052,199390,89156726
2024011411,454831283,419232879,309423189,252049915,193757500,186194541,176657299,151296285,166139284,160841594,136755584,132067691,125694382,123926351,123114080,9099067,9072410,-1,9041461,8974432,8895704,11146865,10123526,59206156,151296285,26048695,419232879,160841594,22640438,23312641,40041032,10665144,136755584,53732335,46693091,-1,1843966,199396,89166757
2024011423,455049394,419333373,307011316,254080148,189593993,186215547,179008110,151371741,165825722,160912394,136761863,135019706,125534738,124019114,122129289,9099167,9072714,9046502,9041716,8974526,8895783,8012411,3579587,45909856,151371741,26080365,419333373,160912394,22641972,23317640,30997396,1181461,136761863,45729318,41879528,-1,1844923,199463,89179410
2024011511,456470714,432484107,307072453,254097349,189619240,186223864,179027717,151467783,165863925,160937103,144038823,132124041,125768583,124048476,123176970,9099222,9072807,9046603,9041744,8974555,8895817,8012939,3580342,59208813,151467783,56751816,432484107,160937103,35581858,23320101,31006179,10666259,144038823,53732967,41903906,-1,1828658,199448,89185248
2024011523,456617349,432537739,307171739,252139277,193914129,186262903,177079779,173877611,166337232,161014335,144041970,135051131,125579863,124078777,122177356,9099295,9073038,9047073,9042044,8974573,8895862,11149396,10125371,59209577,173877611,56792979,432537739,161014335,22649012,23322752,40073357,10666896,144041970,53733958,46767791,-1,1846357,199451,89194139
2024011611,456718267,432560753,309699235,254133851,189667478,186273576,177102986,151599127,165951470,142661277,136768197,132152569,125595211,124093431,123229625,9099370,9073156,9047737,9042219,8974600,8895878,11149947,10125793,45911657,151599127,26148957,432560753,142661277,22653190,13886261,40082079,1182590,136768197,53734148,42089541,-1,1846610,199452,89198812
2024011623,456861496,419628236,307257208,254156294,193950699,186309706,177129235,151724031,166008893,161153743,136770909,135080274,125620894,124120608,122219541,9099453,9073364,9048442,9042684,8974591,8895932,8015044,10126549,59210812,151724031,26179151,419628236,161153743,22653592,23329897,40097352,10667873,136770909,53734344,46807763,-1,1846876,199510,89206573
2024011711,455631909,432622051,307282096,254189015,189700574,186322553,177144302,174013625,166041631,142928232,136771992,135090709,125856920,124132570,122248042,9099533,9073467,9048553,9043007,8974646,8895950,11151307,10127024,59211251,174013625,56848558,432622051,142928232,22657034,23333281,31090223,10668227,136771992,53734544,42142536,1106496,1829884,199518,89212065
2024011723,457117354,419754261,309828423,252230177,189718511,186389714,179466954,151924901,166106939,143067711,136774927,132201631,125671784,124182548,122266896,9099589,9073714,9049111,9043577,8974627,8895988,8016894,10127783,45913784,151924901,26214025,419754261,143067711,22658895,13916550,40133417,10669027,136774927,45732121,46837770,1202700,1830104,199552,89248019
2024011811,455913255,419779037,309862752,252240944,189728789,186408128,179492735,152023026,166558134,161371619,144093667,135119331,125689191,124215370,123316170,9099612,9073839,9049469,9043751,8974649,8896006,8017731,10128200,59213478,152023026,56883406,419779037,161371619,22665013,23340930,40152961,10669346,144093667,53736021,42209407,1303167,1830234,199536,89281343
2024011823,456078333,419911924,307444160,254248555,189744449,186482750,177250739,174316291,166623285,143313753,136842000,135138395,125718066,124250486,122308929,9099701,9074130,9049747,9043935,8974677,8896052,11154661,10129292,45919924,174316291,56909411,419911924,143313753,35584711,13934088,31195450,10669944,136842000,53736346,46866665,1502804,1847658,199571,89333082
2024011911,456205736,420030654,309969257,252281169,194013718,186499290,177269751,174346910,166657220,161538312,144124940,135147287,125954329,124266856,123356075,9099710,9074244,9049970,9044056,8974693,8896072,11155295,3593573,59220964,174346910,26268576,420030654,161538312,22700144,13947153,40188867,10670121,144124940,45733152,46876378,1624375,1847836,199600,89356454
2024011923,456391606,420142452,307565472,254285515,189768319,186615313,179597547,174419976,166730909,143496741,144132383,132259034,125860687,124290759,123371846,9099820,9074546,9050213,9044273,8974728,8896118,8020729,10130511,45924691,174419976,26300514,420142452,143496741,35585459,23355654,31234393,1186081,144132383,53738409,46900884,1818595,1830845,199615,89384492
2024012011,456518986,432887349,307603901,254302531,194038496,186870553,179620410,174483452,166351708,161675121,144135590,135177059,125928352,124301447,122366459,9099858,9074725,9050566,9044378,8974750,8896138,11157151,3598238,59224131,174483452,56967178,432887349,161675121,22734719,13958173,31249704,10670855,144135590,53739257,46912991,1895005,1848212,199621,89397132
2024012023,458117889,432926466,307689147,252347256,189900565,187108709,177382476,174617739,166487431,143714249,144139536,135201620,126010263,124433161,122385646,9099925,9075132,9050636,9044623,8974840,8896183,11158422,3600561,45927335,174617739,26344146,432926466,143714249,35585507,23362372,31270462,10671401,144139536,53740012,46967078,2080684,1848650,199668,89438426
2024012111,456959723,420318402,310216670,254340137,189982797,187153473,179695269,152751928,166954573,143771952,144141476,135211934,126263112,124513481,123431509,9099972,9075317,-1,9044706,8974854,8896204,11158979,3601656,59226292,152751928,26360267,420318402,143771952,35585414,13985560,31288739,10671716,144141476,45737166,46985013,2150162,1831956,199693,89460303
2024012123,458491988,420427873,310270802,254362749,190060628,187204792,179735646,152883281,166635856,161869825,144145530,135236419,126316106,124593825,123462441,9100015,9075745,9051501,9044857,8974888,8896252,8024444,10133446,59227776,152883281,57045428,420427873,161869825,35585413,23367372,40257662,10672127,144145530,53740883,42496338,2316155,1832851,199735,89483281
2024012211,458604233,420723284,307803605,254373137,190089202,187220895,179750250,152969540,167090499,143903849,144146981,132337186,126337319,124619977,123478834,9100105,9075886,9051498,9044945,8974914,8896276,11160745,10133876,45929768,152969540,26402068,420723284,143903849,35585414,23368593,31313652,10672285,144146981,53741057,47028027,2379518,1833129,199719,89492680
2024012223,457473177,420778745,310335254,252401330,194382713,187274165,179792942,153126942,166737745,161981149,144150231,132356194,126151201,124655564,122480008,9100174,9076297,9052076,9045024,8974889,8896327,11161704,10134344,59228732,153126942,57083940,420778745,161981149,22804734,14016061,40280839,10672887,144150231,45744509,42528636,2506197,1850601,199760,89506327
2024012311,458875527,420861294,310372397,254388194,190134858,187289831,179814948,153199868,166769258,144108489,136876312,135273503,126178463,124669766,123530891,9100232,9076504,9052551,9045023,8974958,8896342,11162269,10134770,45930789,153199868,26444622,420861294,144108489,22853295,14022676,31363757,10673229,136876312,53750945,42537565,2574386,1850797,199785,89513695
2024012323,459061848,420938381,310453741,252429844,190163589,187348358,177596649,175018065,167255408,162119312,136879333,132386272,126441028,124699419,123569685,9100297,9076966,9052915,9045120,8974977,8896401,8027634,10135715,45931408,175018065,26481966,420938381,162119312,35585459,14029053,40317088,1189413,136879333,45753851,42556093,2692614,1851107,199815,89530900
2024012411,457878129,433213527,308012311,254417775,194441176,187363117,177637102,153400186,167289096,162159394,136880226,135304716,126465732,124710369,123584544,9100367,9077135,9053033,9045201,8974942,8896428,8028246,3608100,59230525,153400186,57145774,433213527,162159394,35585465,14038447,31411055,1189815,136880226,53759548,47075326,2744937,1834063,199824,89537958
2024012423,458073290,421140597,308077582,254433363,190199742,187544000,180020026,153512329,166951806,162245737,136882856,132417327,126500772,124729376,123619681,9100442,9077446,9053359,9045322,8975009,8896498,8029497,3611368,59232035,153512329,26525260,421140597,162245737,35585547,23385903,40352543,10675337,136882856,45761818,47087628,2893294,1851488,199886,89547501
2024012511,459489844,421247941,310590928,252461612,190209771,187580334,180065520,153596646,167404463,162271830,136925352,132427014,126300598,124737944,122609848,9100450,9077585,9054123,9045378,8974979,8896506,11165850,10138533,59232706,153596646,26540968,421247941,162271830,22881893,23388239,31448457,1191123,136925352,53766215,47094913,2991037,1834388,199872,89553566
2024012523,458387572,433435238,310646588,254457629,190231015,187811009,180131014,153710979,167053176,162347031,136947753,132447731,126585321,124761939,122703240,9100513,9077904,9054611,9045427,8975057,8896574,8031386,3616570,45939607,153710979,57229168,433435238,162347031,35585618,14066642,31474183,1191625,136947753,45763460,47110361,3118356,1834569,199914,89562460
2024012611,458531237,421450692,308195357,252488860,190239985,187870252,180165022,175278663,167502362,144595672,144230519,135365071,126388950,124770839,123749161,9100580,9078069,9054899,9045483,8975078,8896591,8032120,3619393,59241713,175278663,57241902,421450692,144595672,22886420,23397290,31489652,1191862,144230519,53767382,42658231,3167582,1851882,199927,89566731
2024012623,458735281,433550243,310732026,252519417,194521735,187959086,180213314,175344318,167174526,162458578,144238795,132479086,126420610,124791434,123779962,9100670,9078504,9055279,9045604,8975105,8896624,11168999,3621753,45946342,175344318,26632890,433550243,162458578,22886492,14089921,31519992,10677000,144238795,45765780,42694108,3248186,1852103,199967,89574907
2024012711,460153748,421570547,308271646,254514396,194532396,187983735,177945293,154019240,167629659,162487159,144241795,135396480,126673503,124800677,122769063,9100749,9078637,9055658,9045665,8975126,8896659,11169734,10141620,45947095,154019240,57292702,421570547,162487159,35585783,14095542,31558144,10677199,144241795,53770015,42702124,3303462,1835350,199997,89578501
2024012723,460379917,421707454,308330949,254541908,190288068,188052312,177995539,175462459,167363866,162569866,136970943,132675164,126549089,124863650,122800810,9100842,9079063,9056075,9045787,8975155,8896736,11170947,10142420,59247570,175462459,26677592,421707454,162569866,22891433,23412856,40486833,10677993,136970943,45768714,47157539,3373734,1853488,200049,89606691
2024012811,460511871,433668545,310850720,254556023,190298012,188071229,180305835,175500411,167837736,144947415,137000187,135627534,126804567,124882460,122817333,9100908,9079265,-1,9045809,8975181,8896753,11171529,10142958,45950140,175500411,26703802,433668545,144947415,35585857,14123246,31616272,10679250,137000187,53772416,42745992,3425180,1837869,200032,89632838
2024012823,460767004,433705698,310904894,254583197,194576486,188096897,180344351,154354218,167946368,162725283,144307313,132780480,126854998,124962931,123867436,9100987,9079631,9057098,9045970,8975217,8896836,8037123,3633215,59249692,154354218,57363727,433705698,162725283,35585885,14132037,31648624,1196695,144307313,45769653,42780345,3502117,1840193,200078,89664053
2024012911,459614377,433719073,308454539,254591301,194584379,188107437,178071347,154416646,167576236,162757738,144315111,132802066,126656799,125009855,122865917,9101025,9079808,9057348,9046023,8975212,8896845,8037729,3636913,59250172,154416646,57380318,433719073,162757738,22909908,14142398,31669942,10681648,144315111,53773247,42798789,3571113,1840915,200109,89677175
2024012923,459832474,422035751,310999847,252629064,194601462,188467682,178113898,175641325,168079291,162862594,144325460,135752103,126683078,125063265,123925935,9101112,9080258,9057315,9046136,8975274,8896907,8039024,3640051,45952505,175641325,26795964,422035751,162862594,22930861,23422811,40544131,1198189,144325460,45771311,47236155,3683088,1842015,200161,89694735
2024013011,461235151,433840652,308538696,254620812,190347884,188529952,180416323,175663228,167702696,162912647,144328643,135770028,126703786,125084878,122929735,9101151,9080517,9057889,9046192,8975299,8896925,8039646,3642051,45953089,175663228,57424931,433840652,162912647,22930977,23424163,40555345,1198517,144328643,45771815,47241237,3748810,1842396,200141,89703632
2024013023,460184709,433919330,311094943,254639466,190387255,188864618,178182503,154654803,167781781,145532020,144334732,135805866,126965349,125120335,123991558,9101227,9080896,9057882,9046288,8975276,8896997,8040693,3644736,59252919,154654803,26854222,433919330,145532020,35586686,23428666,31760356,1199129,144334732,45773046,47252372,3832624,1843805,200188,89715608
2024013111,460317335,433953774,311171961,254648699,194679699,188932959,180492725,154706531,168236464,163098547,137061900,132912865,127003919,125134462,123023930,9101280,9081085,9058177,9046360,8975344,8897013,8041297,10146590,45955195,154706531,26877718,433953774,163098547,35587075,14175183,31779377,10683944,137061900,53776722,47259665,3864673,1844182,200212,89721546
2024013123,461826890,434031550,308781567,252687999,194775159,189130764,180591949,154770915,168319944,145776421,137066549,132946685,127049333,125170316,124045440,9101374,9081427,9058772,9046544,8975373,8897060,11177948,10147395,59254560,154770915,26914290,434031550,145776421,22969887,14183225,40625157,1200031,137066549,53776981,47271602,3945960,1844699,200256,89729009
2024020111,461957400,422579400,311301225,254680226,194855116,189159555,180634923,175765160,168357366,145844556,144392737,132960569,127066494,125210253,123065851,9101442,9081624,9058921,9046658,8975397,8897087,11178550,3653607,45957226,175765160,57553108,422579400,145844556,22981603,23442023,40636345,10684883,144392737,45773791,42913851,3990865,1862120,200260,89733276
2024020123,462186273,422666575,311378257,254696355,190708292,189240191,180699525,175799876,168432723,163431200,137158336,132993741,127089597,125312919,123096550,9101502,9081998,9059394,9046824,8975436,8897118,11179525,3654456,45958299,175799876,57582837,422666575,163431200,22987779,23446448,40662303,10685299,137158336,45774982,47291483,4054130,1862449,200317,89739683
2024020211,461056595,422709474,311426995,254704958,195025244,189259924,178436620,154917422,168468273,146056288,144446440,135915683,126885670,125342454,123120223,9101548,9082143,9060033,9046906,8975408,8897135,11180111,10149083,45959220,154917422,57597068,422709474,146056288,35591371,14212958,31892537,1200861,144446440,53778681,47296831,4106472,1845417,200301,89743395
2024020223,462577250,434229597,309036007,252741061,190836830,189398948,180769135,154981475,168566901,146164553,144466195,133038388,126908778,125389708,123141341,9101637,9082505,9060347,9047061,8975446,8897174,11181343,10150025,59259092,154981475,27027598,434229597,146164553,35591659,23454123,31918174,10685825,144466195,53778999,42976866,4171530,1863220,200344,89748851
2024020311,462710011,434254096,309088211,254731384,195130380,189422551,178503684,155034571,168188642,146231872,137198242,135960075,127135816,125416500,123163234,9101670,9082739,9060542,9047148,8975519,8897206,8046520,3661566,59259724,155034571,57644082,434254096,146231872,35591810,14230179,31929568,10685923,137198242,53779196,43016781,4189289,1863462,200370,89752256
2024020323,462947068,434301165,309170453,254750351,195259726,189449775,180830448,175927035,168344486,146366611,137206409,136104172,126937080,125562481,123192312,9101729,9083086,9061344,9047275,8975518,8897269,11183677,10151924,45962398,175927035,57675136,434301165,146366611,35592041,23460928,40723826,10686190,137206409,45778038,43160726,4267097,1847248,200425,89758098
2024020411,461804807,434323476,311711723,254762414,191070044,189462294,180848667,175943784,168399115,146419772,137209798,136254466,126944128,125645624,124211052,9101767,9083208,-1,9047348,8975590,8897280,8048627,10152728,45963010,175943784,27095610,434323476,146419772,35592125,23467621,40729809,1201738,137209798,45778683,47537268,4312164,1847610,200407,89761359
2024020423,462055095,423032236,309296484,254790150,191148815,189514547,180890522,175987014,168499968,163871583,144490680,136399407,126962919,125732392,124242782,9101837,9083534,9062529,9047430,8975614,8897366,8049886,3672032,45976128,175987014,27145124,423032236,163871583,23004292,23472932,40751126,1202179,144490680,53785934,43243598,4370297,1865318,200453,89767046
2024020511,463461805,434407084,311815328,254798163,195446205,189529319,180929496,176017389,168543696,146618792,137218196,136442947,127193762,125762375,124270063,9101901,9083685,9063263,9047488,8975647,8897383,11186420,3674635,45978181,176017389,27158410,434407084,146618792,35592379,23477467,32044293,1202284,137218196,53787336,47600871,4401648,1865520,200457,89770255
2024020523,462429126,423132940,309392936,254814077,191214213,189581221,178740642,176061718,171045992,146758611,144502222,136510439,126995599,125819567,123296306,9101982,9084048,9063797,9047645,8975625,8897455,11188040,10157343,59278657,176061718,27193467,423132940,146758611,35592558,14283696,40828332,1202538,144502222,45792848,43333233,4443506,1849012,200499,89775252
2024020611,462568288,434476722,311911694,252840176,191231845,189596245,181067059,155398115,171086376,146821571,137231390,136537735,127004119,125871420,123333405,9102007,9084182,9064146,9047701,8975640,8897479,11188878,10158598,45981615,155398115,27216922,434476722,146821571,23004660,23481917,40845053,1202654,137231390,45794762,43357041,4474659,1867077,200505,89778192
